EVTDESCTRAYAR1;The training yard is the perfect place to improve your martial ability.;Le terrain d'exercice est le lieu idéal pour améliorer vos capacités martiales.;Der Übungsplatz ist der perfekte Ort, um Eure Kamfkünste zu verbessern.;;La palestra es el lugar idoneo para entrenar.;;;;;;;;;x
training_yard_yes_power;My upbringing has prepared me well for this. ;Mon éducation m'a préparé à cela.;Meine Erziehung hat mich gut darauf vorbereitet.;;Mi educación me ha preparado bien para esto.;;;;;;;;;x
training_yard_yes;I have other more pressing concerns, but a strong ruler must still learn to fight. ;J'ai des affaires plus urgentes, mais un dirigeant fort se doit toujours d'apprendre à combattre.;Ich habe dringendere Probleme, ich muss dennoch lernen, zu kämpfen.;;Tengo otras preocupaciones más apremiantes, pero un gobernante fuerte tiene que aprender a luchar.;;;;;;;;;x
training_yard_slothful;I have no interest in these follies.;Je n'ai aucun intérêt dans ces sottises;Ich habe kein Interesse an diesen Torheiten.;;No tengo ningún interés en estas locuras.;;;;;;;;;x
EVTDESCTRAYAR2;[Root.job_marshal.GetTitledFirstName] has requested your permission to use the training yard to improve his personal skills.;[Root.job_marshal.GetTitledFirstName] a requis votre permission pour utiliser le terrain d'exercice.;[Root.job_marshal.GetTitledFirstName] bat um Eure Erlaubnis den Übungsplatz nutzen zu dürfen um seine persönlichen Fähigkeiten zu verbessern.;;[Root.job_marshal.GetTitledFirstName] me ha solicitado permiso para utilizar la palestra para mejorar sus habilidades personales.;;;;;;;;;x
allow_training_yard;Of course!;Bien sûr !;Aber natürlich!;;¡Por supuesto!;;;;;;;;;x
dont_allow_training;[Root.job_marshal.GetTitledFirstName] has more important tasks to do!;[Root.job_marshal.GetTitledFirstName] a des choses plus importantes à faire !;[Root.job_marshal.GetTitledFirstName] hat wichtigere Aufgaben zu tun!;;¡[Root.job_marshal.GetTitledFirstName] tiene tareas más importantes que hacer!.;;;;;;;;;x

EVTDESCTRAYAR3;It has been a long and arduous endeavor, but your quest to become a great and deadly warrior has slowly rid you of your slothful tendencies! Time once spent idling in your chambers is now devoted to honing your skills in combat. ;Ce fut une tâche longue et difficile, mais votre désir de devenir un guerrier reconnu et craint vous a permi de vous affranchir de votre paresse. Le temps autrefois inexploité passé dans vos appartements est désormais dédié à l'amélioration de vos techniques de combat.;Es war ein langes und schwieriges Unterfangen, aber Euer Bestreben, ein mächtiger und tödlicher Krieger zu werden hat Euch langsam von Euren faulen Neigungen befreit! Die Zeit die Ihr einst nichtstuend in Euren Gemächern verbrachtet, ist nun der Verbesserung Eurer Kampftechniken gewidmet.;;Ha sido un largo y arduo esfuerzo, pero tu búsqueda para convertirte en un gran y mortal guerrero te ha librado poco a poco de tus tendencias perezosas.El tiempo que una vez pasaste en tus aposentos ahora lo dedicas a perfeccionar tus habilidades en combate.;;;;;;;;;x
ambition_removes_slothfulness;Nothing and no one can stand in my way. ;Rien ni personne ne peut m'arrêter.;Nichts und niemand kann mich aufhalten.;;Nada ni nadie puede interponerse en mi camino.;;;;;;;;;x
EVTDESCTRAYAR4;As you are sparring with a practice dummy, your mind wanders and you begin to picture the face of your enemy staring back at you. You strike out in rage and a single thrust of your sword drives the point straight through the dummy, cracking the wood and shattering it into pieces. ;Tandis que vous vous entraînez sur un mannequin d'exercice, le visage de votre ennemi s'impose à votre esprit et semble vous fixer. La fureur vous gagne et d'un seul coup d'épée, vous brisez le mannequin.;Sowie Ihr mit einer Übungspuppe sparrt, entgleitet Euer phantasievolles Gemüt und Ihr beginnt die Gestalt Eures Feindes, welcher tief in Eure Augen starrt, vor Euch zu sehen. Voller Zorn holt Ihr aus, um mit einem einzigen Streich Eures Schwertes die hölzerne Übungspuppe in zerberstende Stücke entzwei zu schmettern.;;A medida que combates con un maniquí de práctica, tu mente se distrae y te empiezas a imaginar la cara de tu enemigo que te mira fijamente. Te dejas llevar por la rabia y de un solo golpe de tu espada arrojas al muñeco al suelo , la madera se agrieta y se rompe en pedazos.;;;;;;;;;x
impaler_breaks_dummies;DIE, FILTH!;Meurs, ordure !;Verrecke, du Sohn einer Ratte!;;¡MUERE, perro!;;;;;;;;;x
impaler_or_cruel_trait;You have this option because you are §YCruel§! or an §YImpaler§!. ;Cette option est disponible car vous possédez la caractéristique §YCruel§! ou §YImpaler§!.;Ihr habt diese Option, da Ihr §YGrausam§! oder ein §YPfähler§! seid. ;;Tienes esta opción porque eres §YCruel§! o un §YEmpalador§!.;;;;;;;;;x
weak_decides_to_train_hard;What strength [Root.Religion.GetRandomGodName] has denied me I will seize for myself. ;Je me saisirai de la force qui m'a été refusée par [Root.Religion.GetRandomGodName].;Welch Stärke [Root.Religion.GetRandomGodName] mir auch verwehrt hat, ich werde sie aus eigener Kraft ergreifen.;;¿Qué fuerza me ha negado [Root.Religion.GetRandomGodName]? Voy a aprovecharla para mí.;;;;;;;;;x
EVTDESCTRAYAR5;My courtiers used to mock me for barely being to hold a shortsword, but now I could cleave a man in two with a single stroke, if I wished. Let those who laughed at my weakness now tremble at my strength! ;Mes courtisans se moquaient de ma difficulté à tenir une épée, mais je peux désormais fendre un homme en deux si je le souhaite. Que ceux qui riaient de ma faiblesse tremblent désromais devant ma force !;Meine Höflinge pflegten mich einst noch dafür zu verspotten, selbst ein Kurzschwert nur schwer halten zu können, aber nun könnte ich einen ausgewachsenen Mann mit nur einem Schlag entzwei spalten, wenn ich dies wollte. Mögen diejenigen, die über meiner Schwachheit lachten, nun vor meiner Kraft erzittern!;;Mis cortesanos no paran de burlarse de mí por ser apenas capaz de levantar una espada corta, pero ahora podrían escindir a un hombre en dos con un solo golpe, si me hubiera gustado. ¡Que los que se rieron de mi debilidad ahora tiemblen ante mi fuerza!.;;;;;;;;;x
weak_got_stronger;No man can ever dare to call me 'the Weak' any longer!;Désormais, personne n'osera me surnommer 'le faible'.;Niemand wird es mehr wagen mich 'der Schwache' zu nennen.;;Ningún hombre puede atreverse a llamarme 'el débil' por más tiempo!;;;;;;;;;x


EVTDESCTRAYAR7;"Your [GetFromRelation] was sparring with another child when suddenly, you hear the child scream out in pain repeatedly. You rush to the training yard to see the child lying in a small pool of blood and immediately send for a physician. Your [GetFromRelation] seems unaffected by the scene and simply says to you: ""He deserved it. He insulted me."" ";[From.GetFirstName] s'exerce au combat avec un autre enfant quand tout à coup, vous entendez l'enfant hurler continuellement de douleur. Vous vous précipitez au terrain d'exercice pour voir l'enfant affalé dans une petite mare de sang, puis emmené voir un médecin. Votre [GetFromRelation] ne semble que peu affecté par l'incident, et vous explique :'Il le méritait. Il m'a insulté !'.;Auf dem Übungsplatz sparrt [From.GetFirstName] mit einem anderen Kind, als Ihr plötzlich hört, wie das Kind wiederholt vor Schmerz zu schreien beginnt. Sowie Ihr zum Übungsplatz eilt und seht, wie das Kind in einer kleinen Blutlache liegt, schickt Ihr augenblicklich nach einem Arzt. Euer [GetFromRelation] scheint von dem Vorfall völlig unberührt und sagt Euch nur: 'Er hat es verdient, er hat mich beleidigt!'.;;"Tu [GetFromRelation] se peleaba con otro niño cuando, de repente, se oye al niño gritar de dolor en varias ocasiones. Se precipita al patio de entrenamiento para ver al niño acostado en un pequeño charco de sangre y envias inmediatamente por un médico. Tu [GetFromRelation] parece no estar afectado por la escena y simplemente te dice: ""Se lo merecía Él me insultó.."".";;;;;;;;;x
encourage_cruel_ward;Might makes right. Let no one impugn your honor.;La force est le pouvoir. Ne permettez à personne de porter atteinte à votre honneur.;Macht geht vor Recht. Lass niemals zu, dass jemand deine Ehre anfechtet.;;El poder hace el derecho. Que nadie impugne su honor.;;;;;;;;;x
ward_stays_cruel;your ward earns a reputation for being ruthless ;Désormais, votre pupille est réputée pour être impitoyable.;Euer Mündel verdient den Ruf, rücksichtslos zu sein.;;Tu guardia te ha ganado la reputación de ser despiadado.;;;;;;;;;x
punish_cruel_ward;You too will get exactly what you deserve, you impudent whelp!;Vous aussi allez obtenir exactement ce que vous méritez, morveux !;Auch dir wird genau das widerfahren, was du verdienst, Bengel!;;También tu recibirás exactamente lo que te mereces,¡niño insolente!.;;;;;;;;;x
talk_to_cruel_ward;You must learn to live kindly lest [Root.Religion.GetRandomGodName] punish you for your cruelty.;Vous devriez chercher le salut dans l'humilité, ou [Root.Religion.GetRandomGodName] vous punira pour votre cruauté.;Du musst dich in Sanftmut üben. [Root.Religion.GetRandomGodName] hasst den Zorn!;;Debes aprender a vivir amablemente no sea que [Root.Religion.GetRandomGodName] pueda castigarte por tu crueldad.;;;;;;;;;x
EVTDESCTRAYAR12;Fifteen lashes later, your [GetFromRelation] vows between sobs that [From.GetSheHe] will never inflict such harm on another person again.;Après quinze coups de fouet, votre [GetFromRelation] jure entre deux sanglots qu'[From.GetSheHe] n'infligera plus jamais un tel préjudice à autrui.;Fünfzehn Peitschenhiebe später schwört [From.GetFirstName] schluchzend, keiner Person jemals wieder solchen Schaden zuzufügen. ;;Quince latigazos más tarde, tu [GetFromRelation] te dice que [From.GetSheHe] ha prometido entre sollozos que nunca va a infligir tal daño a otra persona de nuevo.;;;;;;;;;x
trayar12option;Very good. ;Très bien.;Sehr gut.;;Muy bien;;;;;;;;;x
EVTDESCTRAYAR13;No amount of lashes could break [From.GetFirstName]'s will. [From.GetSheHe] seems unrepentant and refuses to admit [From.GetSheHe] was ever unjustified in wounding the child.;La volonté de [From.GetFirstName] ne se brise pas, quelque soit le nombre de coups de fouet. [From.GetSheHe] semblent impénitent et refuse d'admettre qu'il n'y avait aucune justification à blesser l'enfant.;Auch noch so viele Peitschenhiebe können den Willen [From.GetFirstName]'s nicht brechen. [From.GetSheHe] scheint ohne Reue zu sein und weigert sich zuzugeben, dass es nicht gerechtfertigt war, dass Kind so zu verletzen.;;Ninguna cantidad de latigazos podría romper la voluntad de [From.GetFirstName]. [From.GetSheHe] no parece arrepentido y se niega a admitir que [From.GetSheHe] fue injustificado herir al niño.;;;;;;;;;x
trayar13option;Why, you... ;Pourquoi...;Warum willst du nicht gehorchen …;;POr que.. TU...;;;;;;;;;x
EVTDESCTRAYAR14;Your lectures on the value of kindness seem to actually have had an effect on young [From.GetFirstName]. [From.GetSheHe] can now be seen around the castle looking to aid anyone in need.;Votre sermon sur la valeur de la bonté semble avoir fait son chemin dans la tête de [From.GetFirstName]. [From.GetSheHe] est maintenant vu aux alentours du châteaux cherchant toute personne dans le besoin.;Euer Vortrag über den hohen Wert der Freundlichkeit scheint tatsächlich einen positiven Einfluss auf [From.GetFirstName] gehabt zu haben, [From.GetSheHe] ist nun des öfteren dabei zu beobachten, wie [From.GetSheHe] versucht, anderen Menschen zu helfen.;;Tus conferencias sobre el valor de la bondad parecen realmente haber tenido un efecto en el joven [From.GetFirstName]. [From.GetSheHe] ahora se puede ver por el castillo en busca de ayudar a cualquier persona en necesidad.;;;;;;;;;x
trayar14option;Very good. ;Très bien.;Ausgezeichnet.;;Muy bien;;;;;;;;;x
EVTDESCTRAYAR15;Your fiery lectures have terrified your ward in believing that the wrath of [Root.Religion.GetRandomGodName] will fall upon [From.GetHerHim]. [From.GetSheHe] now spends hours in prayer and refuses to even touch a sword.;Votre sermon enflammé a terrifié votre pupille. Il croit que la colère de [Root.Religion.GetRandomGodName] va tomber sur [From.GetHerHim]. [From.GetSheHe] passe maintenant des heures entières à prier et refuse même de toucher une épée.;Eure feurigen Vorträge haben Eurem Mündel die Furcht gelehrt, der Zorn von [Root.Religion.GetRandomGodName] könne auf [From.GetHerHim] niederfallen.;;Sus conferencias de fuego han aterrorizado a su pupilo en la creencia de que la ira de [Root.Religion.GetRandomGodName] caerá sobre [From.GetHerHim]. [From.GetSheHe] ahora pasa horas en oración y se niega a siquiera tocar una espada.;;;;;;;;;x
trayar15option;This was not what I had intended.;Ce n'est pas ce que je voulais.;Das ist nicht, was ich damit beabsichtigt hatte.;;Esto no era lo que yo había previsto.;;;;;;;;;x
improve_martial_education;Seek a Tutor;Chercher un tuteur;Suche einen Lehrer;;Buscar un tutor.;;;;;;;;;x
improve_martial_education_desc;Your inadequate education in the martial arts could be remedied if you could find someone willing to teach you.;Votre maladresse dans les arts martiaux fait de vous la risée de la cour. Vous pourriez y rémédier si quelqu'un est prêt à vous enseigner.;Eurer unzureichenden Ausbildung in des Künsten des Kampfes könnte abgeholfen werden, wenn Ihr jemanden finden könntet, der bereit wäre, Euch auszubilden.;;Su falta de educación en las artes dela guerra podría remediarse si se pudiera encontrar a alguien dispuesto a enseñarle.;;;;;;;;;x
martial_ed_improve_tooltip;My marshal has volunteered to take me under his tutelage.;Mon maréchal s'est porté volontaire pour me prendre sous tutelle.;Mein Marshall hat zugestimmt, mich in Kampftechniken zu unterrichten.;;Mi mariscal se ha ofrecido a llevarme bajo su tutela.;;;;;;;;;x
improve_theological_education;Seek a Tutor;Chercher un tuteur;Suche einen Lehrer;;Buscar un tutor.;;;;;;;;;x
improve_theological_education_desc;Your inadequate knowledge of theology could be remedied if you could find someone willing to teach you.;Vos questions et votre ignorance sur les questions théologiques sont consternantes. Si seulement quelqu'un était prêt à vous enseigner sur le sujet.;Eurem unzureichendem Wissensstand in den Bereichen der Theologie könnte abgeholfen werden, wenn Ihr jemanden finden könntet, der bereit wäre, Euch zu unterrichten.;;Su conocimiento inadecuado de la teología podría remediarse si se pudiera encontrar a alguien dispuesto a enseñarle.;;;;;;;;;x
theological_ed_improve_tooltip;My court minister has volunteered to take me under his tutelage.;Mon conseiller spirituel s'est porté volontaire pour me prendre sous tutelle.;Der Geistliche meines Hofes hat zugestimmt, mich zu unterrichten.;;Mi ministro de la corte se ha ofrecido a llevarme bajo su tutela.;;;;;;;;;x
EVTDESCTRAYAR17;After bleeding your treasury dry on new equipment for the training yard, [From.GetFirstName] begins the long and arduous process of teaching you the basics of combat. You struggle to keep up with the manuevers and technique, but [From.GetFirstName] shows you no mercy.;Après avoir saigné le trésor pour les nouveaux équipements du terrain d'exercice, [From.GetFirstName] entame votre enseignement long et difficile des rudiments du combat. Vous avez du mal à suivre les mouvements et les techniques, mais [From.GetFirstName] reste impitoyable.;Nachdem Ihr, durch den Kauf neuer Ausrüstung für den Übungsplatz, wieder freien Raum in Eurer Schatzkammer geschaffen habt, beginnt [From.GetFirstName] damit, Euch in langen und mühseligen Lehrstunden, die Grundlagen des Kampfes beizubringen.;;Después de sangrar la tesorería en nuevos equipos para la palestra, [From.GetFirstName] comienza el largo y arduo proceso de enseñanza de los conceptos básicos de combate. Luchas para mantenerte al día con las maniobras y técnicas, pero [From.GetFirstName] no tiene piedad.;;;;;;;;;x
martial_improve_start_option;Step right and parry...;Un pas à droite, puis parer...;Einen Schritt nach rechts, dann parieren …;;Paso a la derecha y parar ...;;;;;;;;;x
EVTDESCTRAYAR19;After months of training and strict discipline, your courtiers no longer mock your incompetence in the martial arts. As a warrior, you are feared by your enemies, and as a [Root.GetTitle], you are respected by your subjects. ;Après des mois de formation et de discipline stricte, vos courtisans ne se moquent plus de votre incompétence dans les arts martiaux. En tant que guerrier, vous êtes craint par vos ennemis, et en tant que [Root.GetTitle], vous êtes respecté par vos sujets.;Nach Monaten der Ausbildung und strenger Disziplin, verspotten Eure Höflinge nun nicht mehr Eure Unfähigkeit in den Kampfkünsten. Als Krieger, seid Ihr bei Euren Feinden gefürchtet, und als [Root.GetTitle] seid Ihr bei Euren Untertanen hoch angesehen.;;Después de meses de entrenamiento y una estricta disciplina, los cortesanos ya no se burlan de tu incompetencia en las artes de la guerra. Como un guerrero, se le teme por sus enemigos, y como un [Root.GetTitle],es respetado por sus súbditos.;;;;;;;;;x
martial_improve_ends_option;They will call me the Soldier-[Root.GetTitle]!;Ils m'appelleront le [Root.GetTitle]-guerrier.;Sie werden mich den '[Root.GetTitle] der Krieger' nennen!;;Ellos me van a llamar el soldado-[Root.GetTitle]!;;;;;;;;;x
EVTDESCCHAPER12;After bleeding your treasury dry on tomes and volumes written by the colossi of the faith, [From.GetFirstName] begins to mentor you through an exhaustive study of every facet of theology. Your head is spinning, but [From.GetFirstName] is relentless and does not allow you to rest your eyes. ;Après avoir saigné votre trésorerie pour l'achat de grimoires ou de volumes écrits par les grands noms de la foi, [From.GetFirstName] commence à encadrer votre enseignement à travers l'étude exhaustive de tous les aspects de la théologie. Votre tête tourne, mais [From.GetFirstName] est implacable, et ne permet pas à vos yeux le moindre repos.;Nachdem Ihr, durch den Kauf von Folianten und Büchern, die von wahren Glaubensgrößen verfasst wurden, wieder Platz in Eurer Schatzkammer geschaffen habt, beginnt [From.GetFirstName] damit, Euch bei den erschöpfenden Studien über die umfassenden Aspekte der Theologie zu betreuen. Euch brummt der Schädel, aber [From.GetFirstName] ist unerbittlich, und erlaubt Euren Augen keine Rast.;;Después de sangrar la tesorería en tomos y volúmenes escritos por los colosos de la fe, [From.GetFirstName] comienza a guiarte através de un estudio exhaustivo de todos los aspectos de la teología. Tu cabeza da vueltas, pero [From.GetFirstName] es implacable y no te permite descansar los ojos.;;;;;;;;;x
theological_improve_start_option;I know not what I know not.;Je ne connais pas ce que je ne connais pas.;Ich weiß nicht, was ich nicht weiß.;;Sé que no es lo que yo no sé.;;;;;;;;;x
EVTDESCCHAPER14;After months of study and quiet contemplation, you have come to understand the faith a little more. Though no theological mastermind, your subjects now respect you as a leader truly devoted to understanding the will of [Root.Religion.GetRandomGodName].;Après des mois d'étude et de contemplation silencieuse, vous en êtes venu à comprendre un peu plus votre foi. Bien que vous ne soyez pas une pointure, vos sujets vous respectent désormais comme un véritable meneur dévoué à comprendre la volonté de [Root.Religion.GetRandomGodName].;Nach Monaten des Studiums und der inneren Einkehr, habt Ihr es geschafft, den Glauben ein wenig mehr zu begreifen. Obwohl Ihr sicher kein großer Vordenker geworden seid, respektieren Euch Eure Untertanen als Herrscher, der sich wahrlich dafür hingibt den Willen von [Root.Religion.GetRandomGodName] zu verstehen.;;Después de meses de estudio y la contemplación tranquila, usted ha llegado a comprender la fe un poco más. Aunque no eres ningún autor intelectual teologico, los demas ahora te respetan como líder verdaderamente dedicado a la comprensión de la voluntad de [Root.Religion.GetRandomGodName].;;;;;;;;;x
theological_improve_ends_option;I know now what I know not.;Je ne connais pas ce que je ne connais pas.;Ich weiß nun, was ich nicht weiß.;;Sé que no es lo que yo no sé.;;;;;;;;;x
EVTDESCCHAPER15;Due to recent events, your tutor can no longer continue guiding you through the theological labyrinth. Although you have learned much, there is much more that you cannot understand without further guidance. Your studies have been terminated for the time being. ;Au vu des récents événements, votre tuteur ne peut plus continuer à vous guider à travers le labyrinthe théologique. Bien que vous ayez beaucoup appris, il y a bien plus encore que vous ne pouvez comprendre sans autres conseils. Vos études ont pris fin pour le moment.;Aus aktuellem Anlass kann Euer Lehrer Euch nicht mehr weiter durch das Labyrinth der Theologie führen. Obwohl Ihr einiges gelernt habt, gibt es doch viel mehr, dass Ihr nicht ohne weitere Anleitung zu verstehen vermögt. Eure Studien sind vorerst beendet.;;Debido a los recientes acontecimientos, tu tutor ya no puede continuar guiandote a través del laberinto teológico. A pesar de que has aprendido mucho, hay mucho más que no se puede entender sin mayor orientación. Tus estudios se han terminado por el momento.;;;;;;;;;x
theological_improve_ends_abruptly_option;I submit to the will of [Root.Religion.GetRandomGodName]. ;Je me soumets à la volonté de [Root.Religion.GetRandomGodName].;Ich unterwerfe mich dem Willen von [Root.Religion.GetRandomGodName].;;Me someto a la voluntad de [Root.Religion.GetRandomGodName].;;;;;;;;;x
EVTDESCTRAYAR20;Due to recent events, your former Marshal can no longer train you in the martial arts. Although you have made much progress, your technique is still  unrefined and further instruction under a new tutor will be needed before you reach a level of proficiency. ;En raison des récents événements, votre ancien maréchal ne peut plus vous former aux arts martiaux. Bien que vous ayez fait beaucoup de progrès, votre technique est encore grossière et vous aurez besoin d'un nouveau tuteur pour vous permettre de maîtriser les compétences qui vous manquent.;Aus aktuellem Anlass kann Euer Marshall Euch nicht mehr weiter in den Künsten das Kampfes unterrichten. Obwohl Ihr guten Fortschritt gemacht habt, sind Eure Kampftechniken noch nicht verfeinert und ohne weitere Anleitung vermögt Ihr es nicht, Eure Fertigkeiten weiter zu verbessern. ;;Debido a los recientes acontecimientos, el ex mariscal ya no puede entrenarte en las artes de la guerra. A pesar de que has hecho muchos progresos, su técnica es todavía sin refinar y más instrucción bajo un nuevo tutor serán necesarias antes de que llegues a un nivel de competencia.;;;;;;;;;x
martial_improve_ends_abruptly_option;I will take up my sword again one day! ;Un jour, je reprendrai mon épée.;Eines Tages werde ich mein Schwert erneut ergreifen.;;¡Voy a tomar mi espada de nuevo algún día!.;;;;;;;;;x

improve_diplomatical_education;Seek a Tutor;Chercher un tuteur.;Einen Lehrer suchen;;Buscar a un tutor.;;;;;;;;;x
improve_diplomatical_education_desc;Your inadequate education in the art of etiquette and decorum could be remedied if you could find someone willing to teach you.;Vous pourriez remédier à votre gaucherie dans l'art de l'étiquette et de la bienséance si vous pouviez trouver quelqu'un prêt à vous les enseigner.;Eurer unzureichenden Bildung in der Kunst der Hofsitte und Schicklichkeit könnte abgeholfen werden, wenn Ihr jemanden finden könntet, der bereit wäre, Euch auszubilden.;;Tu falta de educación en el arte de la etiqueta y el decoro podría remediarse si se pudiera encontrar a alguien dispuesto a enseñarte..;;;;;;;;;x
diplomatical_ed_improve_tooltip;My chancellor has volunteered to take me under his tutelage.;Mon chancelier s'est porté volontaire pour me prendre sous sa tutelle.;Mein Kanzler hat zugestimmt, mich zu unterrichten.;;Mi canciller se ha ofrecido a llevarme bajo su tutela.;;;;;;;;;x
improve_intrigue_education;Seek a Tutor;Chercher un tuteur.;Einen Lehrer suchen;;Buscar un tutor.;;;;;;;;;x
improve_intrigue_education_desc;Your obliviousness to the threats to your life could be remedied if you could find someone willing to teach you.;Vous connaissez mal les menaces qui pèsent sur votre vie et il serait judicieux de trouver quelqu'un qui pourrait vous enseigner l'art de l'intrigue.;Eurer Vergesslichkeit hinsichtlich der Gefahren des Lebens könnte abgeholfen werden, wenn Ihr jemanden finden könntet, der bereit wäre, Euch auszubilden.;;Tu falta de atención a las amenazas a tu vida podría remediarse si se pudiera encontrar a alguien dispuesto a enseñarte.;;;;;;;;;x
intrigue_ed_improve_tooltip;My spymaster has volunteered to take me under his tutelage.;Mon maître espion s'est proposé pour me prendre sous sa tutelle.;Mein Hofspitzel hat zugestimmt, mich zu unterrichten.;;Mi jefe de espías se ha ofrecido a llevarme bajo su tutela.;;;;;;;;;x
improve_stewardship_education;Seek a Tutor;Chercher un tuteur.;Einen Lehrer suchen;;Buscar un tutor.;;;;;;;;;x
improve_stewardship_education_desc;Your inadequate administrative education could be remedied if you could find someone willing to teach you.;Vos lacunes dans le domaine administratif pourraient être comblées si vous trouvez quelqu'un prêt à vous enseigner.;Eurer unzureichenden verwaltungstechnischen Bildung könnte abgeholfen werden, wenn Ihr jemanden finden könntet, der bereit wäre, Euch auszubilden.;;Tu educación administrativa inadecuada podría remediarse si se pudiera encontrar a alguien dispuesto a enseñarte.;;;;;;;;;x
stewardship_ed_improve_tooltip;My steward has volunteered to take me under his tutelage.;Mon intendant s'est porté volontaire pour me prendre sous sa tutelle.;Mein Kämmerer hat zugestimmt, mich zu unterrichten.;;Mi mayordomo se ha ofrecido a llevarme bajo su tutela.;;;;;;;;;x
title_court_master_librarian;Master Librarian;Maître de la Librairie;Bibliothekar;;Bibliotecario Maestro.;;;;;;;;;x
title_court_master_gardener;Master Gardener;Maître Jardinier;Gärtnermeister;;Jardinero Maestro.;;;;;;;;;x
title_court_master_librarian_desc;The Master Librarian is the curator and caretaker of the castle's vast collection of scrolls and tomes. §YAllows the player to nominate a courtier with the Scholar trait to serve as the Master Librarian.§! ;Le Maître de la Librairie est le conservateur et le gardien de la vaste collection de rouleaux et de tomes du château. §YPermet au joueur de nommer un courtisan avec le trait Érudit pour servir en tant que Maître de la Librarie.§!;Der Bibliothekar ist der Wärter und Verwalter der gewaltigen Sammlung von Schriftrollen und Foliantes der Burg.  §YErlaubt es dem Spieler, einen Höfling mit der Eigenschaft Gelehrter zum Bibliothekar zu ernennen.§! ;;El Bibliotecario Maestro es el curador y cuidador de la vasta colección de pergaminos y tomos del castillo. §YPermite designar a un cortesano con el rasgo erudito para servir como el Bibliotecario Maestro.§!;;;;;;;;;x
title_court_master_gardener_desc;The Master Gardener is the caretaker of the castle gardens. It is rumored that he can make plants sprout just by touching them. §YAllows the player to nominate a courtier with the Gardener trait to serve as the Master Gardener.§!;Le Maître Jardinier est le gardien des jardins du châteaux. On dit qu'il peut faire pousser les plantes rien qu'en les touchant. §YPermet au joueur de nommer un courtisan avec le trait de Jardinier pour servir en tant que Maître Jardinier.§!;Der Gärtnermeister ist der Verwalter des Burggartens. Es wird gemunkelt, dass er die Pflanzen nur berühren muss, damit sie emporsprießen. §YErlaubt es dem Spieler, einen Höfling mit der Eigenschaft Gärtner zum Gärtnermeister zu ernennen.§! ;;El Jardinero Maestro es el cuidador de los jardines del castillo. Se rumorea que él puede hacer que las plantas broten con sólo tocarlas. §YTe permite designar a un cortesano con el rasgo Jardinero para servir como el Jardinero Maestro.§!;;;;;;;;;x
EVTDESCEDUIMP2;Starting with the most basic protocols of holding court, [From.GetFirstName] begins to mentor you through the many complexities of how to carry oneself as a [Root.GetTitle]. Your head is spinning, but [From.GetFirstName] is relentless and does not allow you to rest. ;En débutant par les protocoles les plus élémentaires du savoir-vivre de la cour, [From.GetFirstName] commence à vous guider parmi les nombreuses complexités de la façon de se tenir en tant que [Root.GetTitle]. La tête vous tourne, mais [From.GetFirstName] est implacable et ne vous permet aucune pause.;Beginnend, mit den grundlegendsten Lektionen darüber, wie man einen Hof führt, begleitet Euch [From.GetFirstName] durch die verschiedensten Bereiche, um Euch als [Root.GetTitle] darzubieten. Euch brummt der Schädel, aber [From.GetFirstName] ist unerbittlich, und erlaubt Euch keine Rast.;;A partir de los protocolos más básicos de la celebración de la corte, [From.GetFirstName] comienza a guiarte a través de las muchas complejidades de cómo conducirse a uno mismo como un [Root.GetTitle]. Tu cabeza da vueltas, pero [From.GetFirstName] es implacable y no te permite descansar.;;;;;;;;;x
eduimp2opt;In what have I wronged thee that thou tormentest me so? ;Quelle faute ai-je commise à votre égard pour que vous me harceliez ainsi ?;Womit habe ich diese Schikane nur verdient?;;¿En qué te he ofendido para que tú me atormentes así?.;;;;;;;;;x
EVTDESCEDUIMP4;After months of gentle but firm counsel by [From.GetFirstName], you are now no longer a laughingstock amongst your peers and subjects. Your skill at presenting yourself has increased considerably and you can now command attention with your presence and words. ;Après des mois de nobles mais fermes conseils dispensé par [From.GetFirstName], vous n'êtes maintenant plus la risée que vous étiez parmi vos pairs et vos sujets. Votre habileté à vous présenter s'est considérablement accrue et vous retenez désormais l'attention par votre présence et vos paroles.;Nach Monaten der freundlichen aber bestimmten Beratung von [From.GetFirstName], seid Ihr nun nicht mehr das Gespött unter den hohen Adeligen und Euren Untertanen. Eure Fähigkeiten Euch darzubieten, hat sich erheblich verbessert und Ihr könnt nun durch Eure Worte die Aufmerksamkeit beherrschen.;;Después de meses de consejos suaves pero firmes dados por [From.GetFirstName], ahora ya no eres un hazmerreír entre tus corte y los extranjeros. Tu habilidad en la presentación de tí mismo ha aumentado considerablemente y ahora puedes llamar la atención con tus palabras y presencia.;;;;;;;;;x
eduimp4opt;Hear ye my words! ;Entendez donc mes paroles !;Höret meine Worte!;;¡Oíd mis palabras!.;;;;;;;;;x
EVTDESCEDUIMP5;Due to recent events, your tutor can no longer continue teaching you the ways of an effective diplomat. Although you have learned much, there is much more that you cannot understand without further guidance. Your studies have been terminated for the time being.;Au vu des récents événements, votre tuteur ne peut plus continuer à vous enseigner les astuces pour devenir un diplomate efficace. Bien que vous ayez beaucoup appris, il y a bien plus encore que vous ne pouvez comprendre sans autres conseils. Vos études ont pris fin pour le moment.;Aus aktuellem Anlass kann Euer Lehrer Euch nicht mehr weiter in den Wegen der wirkungsvollen Diplomatie unterrichten. Obwohl Ihr einiges gelernt habt, gibt es doch viel mehr, dass Ihr nicht ohne weitere Anleitung zu verstehen vermögt. Eure Studien sind vorerst beendet.;;Debido a los recientes acontecimientos, tu tutor ya no puede seguirte enseñando los caminos de un diplomático eficaz. A pesar de que has aprendido mucho, hay mucho más que no se puede entender sin orientación. Tus estudios han terminado por el momento.;;;;;;;;;x
eduimp5opt;Unfortunate. ;C'est regrettable...;Beklagenswert …;;Lamentable.;;;;;;;;;x
EVTDESCEDUIMP7;[From.GetFirstName] has never been a particularly pleasant character, but [From.GetHerHis] explanation of human behaviors and nature opens your eyes to the lies and deceit circling about you at court. Furthermore, you begin to learn about the deadliest poisons and surefire ways to cover up a murder or an accident... all to protect yourself, of course.;[From.GetFirstName] n'a jamais semblé posséder un caractère plaisant, mais ses explications sur les comportements humains et leur nature révèlent les mensonges et tromperies circulant au sein de la cour. De plus, vous commencez à en apprendre davantage sur les poisons les plus mortels et les moyens infaillibles pour se prémunir des conséquences d'un assassinat ou accident... dans le but de vous protéger, bien évidemment.;[From.GetFirstName] hatte zwar nie eine besonders angenehme Persönlichkeit, aber [From.GetHerHis]e Erläuterungen des menschlichen Wesens und Verhaltens, öffnen Euch die Augen für die Lügen und Täuschungen, die auf dem Hofe kursieren. Darüber hinaus beginnt Ihr, mehr über die tödlichsten Gifte zu erfahren und lernt todsichere Möglichkeiten, einen Mord oder einen Unfall zu vertuschen ... alles um Euch selbst zu schützen, versteht sich.;;[From.GetFirstName] nunca ha sido un personaje particularmente agradable, pero la explicación de [From.GetHerHis] acerca de los comportamientos humanos y la naturaleza te abre los ojos a las mentiras y engaños que circundan tu corte. Además, comienzas a aprender acerca de los venenos más mortales y las maneras de éxito seguro para encubrir un asesinato o un accidente ... todo para protegerse, por supuesto..;;;;;;;;;x
eduimp7opt;No one will ever be able to hurt me! ;Personne ne pourra jamais plus me faire du mal !;Niemand wird je in der Lage sein, mir etwas zuleide zu tun.;;¡Nadie va a ser capaz de hacerme daño!.;;;;;;;;;x
EVTDESCEDUIMP9;After months of firm counsel and guidance from [From.GetFirstName], you see through the lies of your courtiers and vassals with ease. You have an ear on all the latest gossip and people do not even blink without your knowing of it. ;Après des mois de fermes conseils dispensé par [From.GetFirstName], vous voyez au travers des mensonges de vous courtisans et de vos vassaux aisément. Votre oreille est à l'affût des toutes dernières rumeurs et personne ne se doute de ce que vous savez.;Nach Monaten der Beratung und Anleitung von [From.GetFirstName], durchschaut Ihr die Lügen der Höflinge und Vasallen mit Leichtigkeit. Ihr habt immer ein offenes Ohr für das neueste Gemunkel und die Leute können nicht einmal blinzeln, ohne dass Ihr davon erfahrt.;;Después de meses de firme consejo y guía por parte de [From.GetFirstName], ves através de las mentiras de tus cortesanos y vasallos con mayor facilidad. Tienes un oído en todos los últimos chismes y la gente ni siquiera puede parpadear sin que tu sepas de ello.;;;;;;;;;x
eduimp9opt;No secret whispered will ever escape me! ;Aucun secret ni murmure ne m'échappera !;Kein Geheimnis wird mir jemals entgehen.;;¡Ningún secreto ni susurró se me escapara!.;;;;;;;;;x
EVTDESCEDUIMP10;Due to recent events, your tutor can no longer continue guiding you in the ways of the shadows. Although you have learned much, there is much more that you cannot understand without further guidance. Your studies have been terminated for the time being.;Au vu des récents événements, votre tuteur ne peut plus continuer à vous guider sur le chemin des ombres. Bien que vous ayez beaucoup appris, il y a bien plus encore que vous ne pouvez comprendre sans autres conseils. Vos études ont pris fin pour le moment.;Aus aktuellem Anlass kann Euer Lehrer Euch nicht mehr weiter auf den Pfaden der Schatten anleiten. Obwohl Ihr einiges gelernt habt, gibt es doch viel mehr, dass Ihr nicht ohne weitere Anleitung zu verstehen vermögt. Eure Studien sind vorerst beendet.;;Debido a los recientes acontecimientos, tu tutor ya no puede seguirte guiando en el camino de las sombras. A pesar de que has aprendido mucho, hay mucho más que no se puede entender sin mayor orientación. Tus estudios se han terminado por el momento.;;;;;;;;;x
eduimp10opt;I will one day no longer fear the dark. ;Un jour, je ne craindrai plus l'obscurité.;Eines Tages werde ich die Dunkelheit nicht mehr fürchten.;;¡Algun día no voy más a temer a la oscuridad!.;;;;;;;;;x
EVTDESCEDUIMP12;The first order of business is to send men throughout your demesne to compile a full account of everything you own in your estates. It is almost staggering to comprehend that you have that much to begin with, but [From.GetFirstName] insists that you account for every acre of land you own. ;Le premier ordre du jour est d'envoyer vos hommes aux quatres coins de votre domaine pour compiler et référencer la totalité de vos possessions. Il est difficile d'appréhender que vous possèdiez autant au début, mais [From.GetFirstName] insiste pour consigner chaque acre de terre en votre possession.;Eure erste Aufgabe ist es, Männer in alle Bereiche Eures Reiches zu entsenden, um einen vollständigen Bericht über all Eure Besitztümer zusammenzustellen. Es ist eine niederschmetternd große Aufgabe für den Anfang, aber [From.GetFirstName] besteht darauf, dass Ihr jeden einzelnen Hektar Land, den Ihr Euer Eigen nennt, erfasst.;;La primera orden del día es el envío de los hombres a lo largo de tu heredad para compilar un informe completo de todo lo que posees en tus fincas. Es casi asombroso comprender que tienes mucho para empezar, pero [From.GetFirstName] insiste en que tu lleves la cuenta de cada acre de tierra de tu propiedad.;;;;;;;;;x
eduimp12opt;So that's where all the taxes were hiding... ;Oh, c'est donc de là que viennent les taxes...;Ach, daher kommen also all diese Steuern …;;Así que ahí es donde todos los impuestos se escondían ...;;;;;;;;;x
EVTDESCEDUIMP14;After months of firm counsel and guidance from [From.GetFirstName], you have gained the knowledge necessary to manage the realm more efficiently. This means that the quality of life and happiness of your people has improved, but the only thing that really matters is that tax revenues have increased significantly. ;Après des mois de nobles mais fermes conseils dispensé par [From.GetFirstName], vous avez acquis les connaissances nécessaires pour gérer votre domaine plus efficacement. Cela signifie que la qualité de vie et le bonheur de vos sujets s'est améliorée, mais la seule chose qui importe vraiment, c'est l'augmentation significative des recettes fiscales.;Nach Monaten der Beratung und Anleitung von [From.GetFirstName], habt Ihr Euch das Wissen angeeignet, um Euer Reich noch wirkungsvoller zu verwalten. Das bedeutet, dass sich die Zufriedenheit Eurers Volkes verbessert und sich Eure Steuereinnahmen erheblich erhöht haben. Was könnte wichtiger sein?;;Después de meses de consejo y de firme orientación de [From.GetFirstName],has adquirido los conocimientos necesarios para administrar el reino de manera más eficiente. Esto significa que la calidad de vida y la felicidad de tu gente han mejorado, pero la única cosa que realmente importa es que los ingresos fiscales se han incrementado significativamente.;;;;;;;;;x
eduimp14opt;I had no idea I could have this much gold! ;Je n'avais aucune idée que je pourrais obtenir autant d'or !;Ich wusste nicht, dass ich so viel Gold haben könnte.;;¡No tenía idea de que podía tener esta cantidad de oro!.;;;;;;;;;x
EVTDESCEDUIMP15;Due to recent events, your tutor can no longer continue developing your administrative abilities. Although you have learned much, there is much more that you cannot understand without further guidance. Your studies have been terminated for the time being.;Au vu des récents événements, votre tuteur ne peut plus continuer à vous aider à comprendre les rouages administratifs. Bien que vous ayez beaucoup appris, il y a bien plus encore que vous ne pouvez comprendre sans autres conseils. Vos études ont pris fin pour le moment.;Aus aktuellem Anlass kann Euer Lehrer sich Euren Verwaltungsfähigkeiten nicht mehr weiter widmen. Obwohl Ihr einiges gelernt habt, gibt es doch viel mehr, dass Ihr nicht ohne weitere Anleitung zu verstehen vermögt. Eure Studien sind vorerst beendet.;;Debido a los recientes acontecimientos, tu tutor ya no puede seguir desarrollando tus habilidades administrativas. A pesar de que has aprendido mucho, hay mucho más que no se puede entender sin mayor orientación. Tus estudios se han terminado por el momento.;;;;;;;;;x

ca_training_yard_desc;The training yard is equipped with all sorts of dummies and an archery range. It is the perfect place to develop and refine your martial skills.;Le terrain d'exercice est équipé de toutes sortes de mannequins et d'un pas de tir à l'arc. C'est l'endroit idéal pour développer et affiner vos compétences martiales.;Der Übungsplatz ist mit allen erdenklichen Übungspuppen und einem Bogenschießstand ausgerüstet. Es ist der perfekte Ort um Eure Kampfkünste zu entwickeln und zu verfeinern.;;La palestra está equipada con toda clase de muñecos y un campo de tiro. Es el lugar perfecto para desarrollar y perfeccionar las habilidades marciales.;;;;;;;;;x
ca_training_yard;Personal Training Yard;Terrain d'exercice personel;Persönlicher Übungsplatz;;Palestra personal.;;;;;;;;;x
studied_war;Studied the Art of War;Étudier l'art de la guerre.;Hat Kriegskünste studiert;;Estudiar el arte de la guerra.;;;;;;;;;x
training_yard_pos;Allowed to use Training Yard;Accès autorisé au terrain d'exercice.;Darf Übungsplatz nutzen;;Puedes usar la palestra.;;;;;;;;;x
training_yard_neg;Denied use of Training Yard;Accès refusé au terrain d'exercice.;Darf Übungsplatz nicht nutzen;;No puedes usar la palestra.;;;;;;;;;x
ca_chapel;Chapel;Chapelle;Kapelle;;Capilla.;;;;;;;;;x
fp_chapel;Chapel;Chapelle;Kapelle;;Capilla.;;;;;;;;;x
ca_chapel_desc;A small chapel within your castle walls.;Une petite chapelle au sein de votre château.;Eine kleine Kapelle innerhalb Eurer Burgmauern.;;Una pequeña capilla dentro de las murallas del castillo.;;;;;;;;;x
fp_chapel_desc;A small chapel within your palace.;Une petite chapelle au sein de votre palais.;Eine kleine Kapelle im Inneren Eures Palastes.;;Una pequeña capilla dentro de el Palacio.;;;;;;;;;x

ca_chapel_2;Royal Chapel;Chapelle Royale;Königliche Kapelle;;Capilla Real.;;;;;;;;;x
ca_chapel_2_desc;Although not much in terms of space, the chapel offers a spiritual refuge for a ruler to pray and meditate as needed. The walls are ornately decorated with images of the great figures of the faith, ever watchful over the souls that pray here. §GThe Royal Chapel grants +1 learning for the realm's lord spiritual.§!;Bien que petite, la chapelle offre un refuge spirituel au souverain pour prier et méditer. Les murs sont richement ornés par des images de grandes figures de la foi, veillant sur les âmes qui y prient. §GLa chapelle royale accorde +1 au savoir d'état du souverain.§!;Obwohl sie nicht sehr groß ist, bietet die Kapelle einen spirituellen Zufluchtsort für einen Herrscher, um zu beten und zu meditieren. Die Wände sind kunstvoll mit Bildern von großen Persönlichkeiten des Glaubens verziert, immer über die Seelen wachend, die hier beten. §GDie Königliche Kapelle gewährt +1 Bildung für den Geistlichen Herrscher des Reiches.§!;;Aunque no es mucho en términos de espacio, la capilla ofrece al gobernante un refugio espiritual para orar y meditar, según sea necesario. Las paredes están ricamente decoradas con imágenes de las grandes figuras de la fe, siempre vigilantes sobre las almas que oran aquí. §GLa Capilla Real ofrece +1 en aprendizaje espiritual al gobernante.§!;;;;;;;;;x
